{"name":"74444ae6-c511-469b-8056-09f2515e512c","id":"/providers/Microsoft.Flow/flows/74444ae6-c511-469b-8056-09f2515e512c","type":"Microsoft.Flow/flows","properties":{"apiId":"/providers/Microsoft.PowerApps/apis/shared_logicflows","displayName":"Exécuter du code Javascript via Excel Online","definition":{"metadata":{"workflowEntityId":null,"processAdvisorMetadata":null,"flowclientsuspensionreason":"None","flowclientsuspensiontime":null,"creator":{"id":"c14bc872-b021-4241-9dc0-45168025f10a","type":"User","tenantId":"654d7977-996a-4c8c-9f5e-5df3fced0295"},"provisioningMethod":"FromDefinition","failureAlertSubscription":true,"clientLastModifiedTime":"2022-06-01T09:51:24.8003855Z","flowclientsuspensionreasondetails":null},"$schema":"https://schema.management.azure.com/providers/Microsoft.Logic/schemas/2016-06-01/workflowdefinition.json#","contentVersion":"1.0.0.0","parameters":{"$connections":{"defaultValue":{},"type":"Object"},"$authentication":{"defaultValue":{},"type":"SecureObject"}},"triggers":{"manual":{"metadata":{"operationMetadataId":"841c103f-b940-4210-9bab-89c0ea2cbd4a"},"type":"Request","kind":"Button","inputs":{"schema":{"type":"object","properties":{},"required":[]}}}},"actions":{"Initialize_variable":{"runAfter":{},"metadata":{"operationMetadataId":"456834aa-f08a-4537-9f3e-8bf4b4d58026"},"type":"InitializeVariable","inputs":{"variables":[{"name":"Test","type":"string","value":"Expertise d'hydromérie de crue pour la DEAL Martinique"}]}},"Run_script":{"runAfter":{"Initialize_variable":["Succeeded"]},"metadata":{"016XNII6PRH6ADN63WDJH2TWRWXR4UBFRU":"/Power Platform - working folder/Power Automate/Javascript Container.xlsx","operationMetadataId":"9a32aab1-323a-4698-b06d-7321c57399cd","tableId":null},"type":"OpenApiConnection","inputs":{"host":{"apiId":"/providers/Microsoft.PowerApps/apis/shared_excelonlinebusiness","connectionName":"shared_excelonlinebusiness","operationId":"RunScriptProd"},"parameters":{"source":"me","drive":"b!7hBROMffn0Kq0SoOFqf4TYAF5aDPG41DkXKJ0k6VAL1bUOM5R8Z_Rqe6TTPiKAki","file":"016XNII6PRH6ADN63WDJH2TWRWXR4UBFRU","scriptId":"ms-officescript%3A%2F%2Fonedrive_business_itemlink%2F016XNII6JQWHUT7TSCCRFIQM5SIQJPA7JN","ScriptParameters/inputString":"@variables('Test')","ScriptParameters/patternString":"[^\\w\\s]","ScriptParameters/flagsString":"gi","ScriptParameters/replaceString":" "},"authentication":{"value":"@json(decodeBase64(triggerOutputs().headers['X-MS-APIM-Tokens']))['$ConnectionKey']","type":"Raw"}}}}},"connectionReferences":{"shared_excelonlinebusiness":{"connectionName":"c81afe65f20f4d63888c5a922ade0e39","source":"Invoker","id":"/providers/Microsoft.PowerApps/apis/shared_excelonlinebusiness","tier":"NotSpecified"}},"flowFailureAlertSubscribed":false,"isManaged":false}}